{"RuleTriggered": 1, "Violations": 1, "Details": {"pin_memory": false, "num_workers": 0, "cores": 48, "dataloaders": 1, "dataloading_time": {"p25": 1.396268, "p50": 1.479211, "p95": 1.835457, "probs": [1, 0, 0, 0, 0, 0, 0, 0, 0, 0, 0, 0, 0, 0, 0, 0, 0, 0, 0, 1, 0, 0, 0, 0, 0, 0, 0, 0, 0, 2, 0, 0, 0, 1, 0, 0, 0, 0, 0, 0, 0, 0, 1, 0, 0, 0, 0, 0, 0, 0, 0, 0, 0, 0, 0, 0, 0, 0, 0, 0, 0, 0, 0, 0, 0, 0, 0, 0, 0, 0, 0, 0, 0, 0, 1, 0, 1, 0, 1, 0, 0, 0, 0, 0, 0, 0, 0, 0, 0, 0, 0, 0, 0, 0, 1, 0, 0, 0, 0, 1], "binedges": [1.207757, 1.21420128, 1.22064556, 1.2270898399999999, 1.23353412, 1.2399784, 1.24642268, 1.25286696, 1.25931124, 1.26575552, 1.2721997999999999, 1.27864408, 1.28508836, 1.29153264, 1.29797692, 1.3044212, 1.31086548, 1.3173097599999999, 1.3237540399999999, 1.33019832, 1.3366426, 1.34308688, 1.34953116, 1.35597544, 1.36241972, 1.3688639999999999, 1.37530828, 1.38175256, 1.38819684, 1.39464112, 1.4010854, 1.40752968, 1.4139739599999999, 1.42041824, 1.42686252, 1.4333068, 1.43975108, 1.44619536, 1.45263964, 1.4590839199999999, 1.4655282, 1.47197248, 1.47841676, 1.48486104, 1.49130532, 1.4977496, 1.5041938799999999, 1.51063816, 1.51708244, 1.52352672, 1.529971, 1.53641528, 1.54285956, 1.5493038399999999, 1.55574812, 1.5621924, 1.56863668, 1.57508096, 1.58152524, 1.58796952, 1.5944137999999999, 1.60085808, 1.60730236, 1.61374664, 1.62019092, 1.6266352, 1.63307948, 1.6395237599999999, 1.64596804, 1.65241232, 1.6588566, 1.66530088, 1.67174516, 1.67818944, 1.68463372, 1.691078, 1.69752228, 1.70396656, 1.71041084, 1.71685512, 1.7232994, 1.72974368, 1.73618796, 1.7426322399999998, 1.74907652, 1.7555208, 1.76196508, 1.76840936, 1.77485364, 1.78129792, 1.7877421999999998, 1.79418648, 1.80063076, 1.80707504, 1.81351932, 1.8199636, 1.82640788, 1.8328521599999998, 1.83929644, 1.84574072, 1.852185]}}, "Datapoints": 11, "RuleParameters": "min_threshold:70\nmax_threshold:200"}