{"RuleTriggered": 0, "Violations": 0, "Details": {"step_num": {"first": 1678662059954813, "last": 1678664699020064}, "job_start": 1678661980.500561, "job_end": 1678664699.500562}, "Datapoints": 427, "RuleParameters": "threshold:20"}