{"RuleTriggered": 0, "Violations": 0, "Details": {"ratio": {"cpu_functions": 100.0}, "phase": {"Step:ModeKeys.TRAIN": 40.402679618476924, "others": 53.27068124349756, "Step:ModeKeys.EVAL": 6.3266391380255085}, "phase_time": {}, "CPU": {"aten::conv2d": 8.00728242352433, "aten::convolution": 8.005316195008234, "aten::_convolution": 8.003434428614117, "aten::mkldnn_convolution": 7.999012588110451, "aten::batch_norm": 2.570445694942043, "aten::_batch_norm_impl_index": 2.568416740879476, "aten::native_batch_norm": 2.5652270536846955, "NativeBatchNormBackward": 3.2085135533510334, "aten::native_batch_norm_backward": 3.201620574734433, "MkldnnConvolutionBackward": 14.52231850710914, "aten::mkldnn_convolution_backward": 14.51839350261712, "aten::mkldnn_convolution_backward_input": 7.563443288193877, "aten::mkldnn_convolution_backward_weights": 6.941517631803327, "enumerate(DataLoader)#_SingleProcessDataLoaderIter.__next__": 10.325057817427721}, "CPU_total": {"aten::conv2d": 12893240, "aten::convolution": 12890074, "aten::_convolution": 12887044, "aten::mkldnn_convolution": 12879924, "aten::batch_norm": 4138904, "aten::_batch_norm_impl_index": 4135637, "aten::native_batch_norm": 4130501, "NativeBatchNormBackward": 5166314, "aten::native_batch_norm_backward": 5155215, "MkldnnConvolutionBackward": 23383681, "aten::mkldnn_convolution_backward": 23377361, "aten::mkldnn_convolution_backward_input": 12178575, "aten::mkldnn_convolution_backward_weights": 11177157, "enumerate(DataLoader)#_SingleProcessDataLoaderIter.__next__": 16625297}, "general": {"DataLoaderIterInitialize": 0.00018976408873837324, "DataLoaderIter": 2.017687026569677, "Forward": 97.98212320934158}}, "Datapoints": 0, "RuleParameters": ""}