{"RuleTriggered": 0, "Violations": 0, "Details": {"step_details": {"algo-1-27": {"step_stats": {"mean": 1.898523585106383, "max": 7.492893, "p99": 7.205617, "p95": 2.038532, "p50": 1.7672965, "min": 0.24161}, "number_of_outliers": 9, "phase": "Step:ModeKeys.TRAIN", "stddev": 0.87, "probs": [7, 0, 0, 0, 0, 0, 0, 0, 0, 0, 0, 0, 0, 0, 0, 0, 0, 0, 0, 0, 0, 0, 0, 0, 0, 0, 0, 0, 0, 0, 0, 0, 0, 0, 0, 0, 0, 0, 0, 0, 84, 190, 37, 13, 6, 9, 4, 5, 2, 3, 3, 0, 0, 3, 0, 0, 0, 0, 0, 0, 0, 0, 0, 0, 0, 0, 0, 0, 0, 0, 0, 0, 0, 0, 0, 0, 0, 0, 0, 0, 0, 0, 0, 0, 0, 0, 0, 0, 0, 0, 0, 0, 0, 0, 0, 0, 0, 0, 0, 1], "binedges": [0.24161, 0.27850811, 0.31540621999999996, 0.35230433, 0.38920244, 0.42610054999999997, 0.46299866, 0.49989677, 0.53679488, 0.57369299, 0.6105910999999999, 0.64748921, 0.6843873199999999, 0.72128543, 0.75818354, 0.79508165, 0.83197976, 0.8688778699999999, 0.9057759799999999, 0.9426740899999999, 0.9795721999999999, 1.0164703099999999, 1.05336842, 1.09026653, 1.12716464, 1.1640627499999998, 1.20096086, 1.23785897, 1.27475708, 1.3116551899999997, 1.3485532999999998, 1.38545141, 1.42234952, 1.4592476300000001, 1.4961457399999998, 1.5330438499999999, 1.56994196, 1.60684007, 1.6437381799999997, 1.6806362899999998, 1.7175344, 1.75443251, 1.79133062, 1.8282287299999997, 1.8651268399999998, 1.90202495, 1.93892306, 1.9758211699999997, 2.0127192799999998, 2.04961739, 2.0865155, 2.12341361, 2.1603117199999997, 2.19720983, 2.23410794, 2.27100605, 2.30790416, 2.34480227, 2.38170038, 2.41859849, 2.4554966, 2.49239471, 2.5292928199999998, 2.56619093, 2.60308904, 2.63998715, 2.67688526, 2.71378337, 2.75068148, 2.78757959, 2.8244777, 2.8613758099999997, 2.89827392, 2.93517203, 2.97207014, 3.00896825, 3.0458663599999998, 3.08276447, 3.11966258, 3.15656069, 3.1934587999999997, 3.23035691, 3.26725502, 3.30415313, 3.34105124, 3.3779493499999997, 3.41484746, 3.45174557, 3.48864368, 3.52554179, 3.5624398999999998, 3.59933801, 3.63623612, 3.67313423, 3.7100323399999997, 3.74693045, 3.78382856, 3.82072667, 3.85762478, 3.8945228899999997, 3.931421], "step_numbers": ["1", "2", "3", "4", "5", "6", "7", "8", "9"]}}}, "Datapoints": 427, "RuleParameters": "threshold:3\nmode:None\nn_outliers:10\nstddev:3"}